[
  {
    "id": "buff_atk_up",
    "name": "攻击强化",
    "icon": "⚔",
    "durationRounds": 3,
    "maxStacks": 1,
    "statMod": {
      "atkPct": 0.2
    }
  },
  {
    "id": "buff_shield",
    "name": "护盾",
    "icon": "🛡",
    "durationRounds": 2,
    "maxStacks": 1,
    "statMod": {
      "dmgReduce": 0.2
    }
  },
  {
    "id": "buff_poison",
    "name": "中毒",
    "icon": "☠",
    "durationRounds": 2,
    "maxStacks": 3,
    "dot": {
      "hpPct": 0.05,
      "tick": "turn"
    }
  },
  {
    "id": "buff_slow",
    "name": "减速",
    "icon": "❄",
    "durationRounds": 2,
    "maxStacks": 1,
    "statMod": {
      "spdFlat": -20
    }
  }
]