[
  { "id": "h001", "name": "烬羽", "rarity": "R", "element": "火", "skills": ["sk_fireball"] },
  { "id": "h002", "name": "泉歌", "rarity": "R", "element": "水", "skills": ["sk_heal"] },
  { "id": "h003", "name": "岚影", "rarity": "R", "element": "风", "skills": ["sk_sweep"] },
  { "id": "h004", "name": "曜纹", "rarity": "R", "element": "光", "skills": ["sk_shield"] },
  { "id": "h005", "name": "幽铃", "rarity": "R", "element": "暗", "skills": ["sk_poison"] },
  { "id": "h006", "name": "赤砂", "rarity": "R", "element": "火", "skills": ["sk_fireball"] },
  { "id": "h007", "name": "冰棱", "rarity": "R", "element": "水", "skills": ["sk_slow"] },
  { "id": "h008", "name": "藤芽", "rarity": "R", "element": "风", "skills": ["sk_heal"] },

  { "id": "h009", "name": "晨辉", "rarity": "SR", "element": "光", "skills": ["sk_aura_heal", "sk_shield"] },
  { "id": "h010", "name": "暮鸦", "rarity": "SR", "element": "暗", "skills": ["sk_poison", "sk_sweep"] },
  { "id": "h011", "name": "焰槊", "rarity": "SR", "element": "火", "skills": ["sk_fireball", "sk_warcry"] },
  { "id": "h012", "name": "潮刃", "rarity": "SR", "element": "水", "skills": ["sk_slow", "sk_heal"] },
  { "id": "h013", "name": "岚矢", "rarity": "SR", "element": "风", "skills": ["sk_sweep", "sk_poison"] },

  { "id": "h014", "name": "圣音", "rarity": "SSR", "element": "光", "skills": ["sk_aura_heal", "sk_shield"] },
  { "id": "h015", "name": "影祟", "rarity": "SSR", "element": "暗", "skills": ["sk_poison", "sk_sweep"] },
  { "id": "h016", "name": "炎皇", "rarity": "SSR", "element": "火", "skills": ["sk_fireball", "sk_warcry"] },
  { "id": "h017", "name": "霜后", "rarity": "SSR", "element": "水", "skills": ["sk_slow", "sk_heal"] },
  { "id": "h018", "name": "翠王", "rarity": "SSR", "element": "风", "skills": ["sk_sweep", "sk_shield"] },

  { "id": "h019", "name": "天穹", "rarity": "SP", "element": "光", "skills": ["sk_aura_heal", "sk_shield"] },
  { "id": "h020", "name": "冥耀", "rarity": "SP", "element": "暗", "skills": ["sk_poison", "sk_fireball"] }
]
