[
  {
    "id": "sk_fireball",
    "name": "火球术",
    "trigger": "onBeforeAttack",
    "chance": 0.30,
    "effectType": "damage",
    "power": 1.8,
    "target": "current"
  },
  {
    "id": "sk_sweep",
    "name": "横扫千军",
    "trigger": "onTurnStart",
    "chance": 0.25,
    "effectType": "damage",
    "power": 0.6,
    "target": "allEnemy"
  },
  {
    "id": "sk_heal",
    "name": "回春术",
    "trigger": "onTurnStart",
    "chance": 0.35,
    "effectType": "heal",
    "power": 1.2,
    "target": "lowestAlly"
  },
  {
    "id": "sk_aura_heal",
    "name": "圣光普照",
    "trigger": "onRoundStart",
    "chance": 0.20,
    "effectType": "heal",
    "power": 0.4,
    "target": "allAlly"
  },
  {
    "id": "sk_warcry",
    "name": "战吼",
    "trigger": "onBattleStart",
    "chance": 1.0,
    "effectType": "addBuff",
    "buffId": "buff_atk_up",
    "target": "self"
  },
  {
    "id": "sk_shield",
    "name": "坚壁",
    "trigger": "onTurnStart",
    "chance": 0.30,
    "effectType": "addBuff",
    "buffId": "buff_shield",
    "target": "self"
  },
  {
    "id": "sk_poison",
    "name": "淬毒",
    "trigger": "onAfterAttack",
    "chance": 0.35,
    "effectType": "addBuff",
    "buffId": "buff_poison",
    "target": "current"
  },
  {
    "id": "sk_slow",
    "name": "冰缚",
    "trigger": "onAfterAttack",
    "chance": 0.30,
    "effectType": "addBuff",
    "buffId": "buff_slow",
    "target": "current"
  }
]
